timestamp,fps,source,confidence,error_px,distance_m
1790608807.0607023,30.0,yolo,1.0,6.0,20.0
1790608807.3688192,30.0,yolo,1.0,5.0,20.0
1790608807.480128,30.0,yolo,1.0,5.0,20.0
1790608807.6128547,30.0,yolo,1.0,5.0,20.0
1790608807.7347307,30.0,yolo,1.0,6.082762530298219,20.0
1790608807.855791,30.0,yolo,1.0,6.082762530298219,20.0
1790608807.9713361,30.0,yolo,1.0,7.280109889280518,20.0
1790608808.093503,30.0,yolo,1.0,6.324555320336759,20.0
1790608808.2277026,30.0,yolo,1.0,6.324555320336759,20.0
1790608808.3657155,30.0,yolo,1.0,6.324555320336759,20.0
1790608808.5081756,30.0,yolo,1.0,6.708203932499369,20.0
1790608808.6222405,30.0,yolo,1.0,5.385164807134504,20.0
1790608808.7504928,30.0,yolo,1.0,6.708203932499369,20.0
1790608808.8529418,30.0,yolo,1.0,5.830951894845301,20.0
1790608808.9504497,30.0,yolo,1.0,6.4031242374328485,20.0
1790608809.051201,30.0,yolo,1.0,5.830951894845301,20.0
1790608809.1930513,30.0,yolo,1.0,5.656854249492381,20.0
1790608809.3360088,30.0,yolo,1.0,6.4031242374328485,20.0
1790608809.4708555,30.0,yolo,1.0,5.656854249492381,20.0
1790608809.6066766,30.0,yolo,1.0,6.4031242374328485,20.0
1790608809.743624,30.0,yolo,1.0,6.4031242374328485,20.0
1790608809.8856652,30.0,yolo,1.0,5.656854249492381,20.0
1790608810.11551,30.0,yolo,1.0,6.4031242374328485,20.0
1790608810.2560186,30.0,yolo,1.0,5.0,20.0
1790608810.3918946,30.0,yolo,1.0,6.4031242374328485,20.0
1790608810.5048566,30.0,yolo,1.0,5.830951894845301,20.0
1790608810.6020803,30.0,yolo,1.0,6.708203932499369,20.0
1790608810.692047,30.0,yolo,1.0,5.385164807134504,20.0
1790608810.7836509,30.0,yolo,1.0,5.385164807134504,20.0
1790608810.8774576,30.0,yolo,1.0,5.830951894845301,20.0
1790608810.971912,30.0,yolo,1.0,5.385164807134504,20.0
1790608811.060545,30.0,yolo,1.0,6.082762530298219,20.0
1790608811.155673,30.0,yolo,1.0,5.385164807134504,20.0
1790608811.2538419,30.0,yolo,1.0,6.082762530298219,20.0
1790608811.3497121,30.0,yolo,1.0,5.0990195135927845,20.0
1790608811.4498806,30.0,yolo,1.0,6.324555320336759,20.0
1790608811.55061,30.0,yolo,1.0,6.0,20.0
1790608811.666348,30.0,yolo,1.0,6.082762530298219,20.0
1790608811.7669773,30.0,yolo,1.0,6.0,20.0
1790608811.8686671,30.0,yolo,1.0,6.0,20.0
1790608811.9614387,30.0,yolo,1.0,6.0,20.0
1790608812.0631068,30.0,yolo,1.0,5.0,20.0
1790608812.1928833,30.0,yolo,1.0,6.082762530298219,26.666666666666668
1790608812.3302412,30.0,yolo,1.0,6.0,26.666666666666668
1790608812.4489555,30.0,yolo,1.0,6.082762530298219,26.666666666666668
1790608812.5587387,30.0,yolo,1.0,6.324555320336759,26.666666666666668
1790608812.6709943,30.0,yolo,1.0,6.082762530298219,26.666666666666668
1790608812.784481,30.0,yolo,1.0,6.324555320336759,26.666666666666668
1790608812.9100142,30.0,yolo,1.0,5.385164807134504,26.666666666666668
1790608813.0386899,30.0,yolo,1.0,6.324555320336759,26.666666666666668
1790608813.1636927,30.0,yolo,1.0,6.708203932499369,26.666666666666668
1790608813.3071158,30.0,yolo,1.0,5.385164807134504,26.666666666666668
1790608813.4414916,30.0,yolo,1.0,5.830951894845301,26.666666666666668
1790608813.5823534,30.0,yolo,1.0,6.708203932499369,26.666666666666668
1790608813.7064784,30.0,yolo,1.0,6.4031242374328485,26.666666666666668
1790608813.8348684,30.0,yolo,1.0,5.0,26.666666666666668
1790608813.9709506,30.0,yolo,1.0,6.4031242374328485,26.666666666666668
1790608814.1057029,30.0,yolo,1.0,6.4031242374328485,26.666666666666668
1790608814.2430336,30.0,yolo,1.0,5.656854249492381,26.666666666666668
1790608814.3903413,30.0,yolo,1.0,6.4031242374328485,26.666666666666668
1790608814.5237236,30.0,yolo,1.0,6.4031242374328485,26.666666666666668
1790608814.6496491,30.0,yolo,1.0,5.656854249492381,26.666666666666668
1790608814.772463,30.0,yolo,1.0,5.830951894845301,26.666666666666668
1790608814.910433,30.0,yolo,1.0,6.4031242374328485,26.666666666666668
1790608815.0438182,30.0,yolo,1.0,5.656854249492381,26.666666666666668
1790608815.1672215,30.0,yolo,1.0,6.708203932499369,26.666666666666668
1790608815.3046145,30.0,yolo,1.0,6.708203932499369,26.666666666666668
1790608815.4277475,30.0,yolo,1.0,5.385164807134504,26.666666666666668
1790608815.569717,30.0,yolo,1.0,5.830951894845301,26.666666666666668
1790608815.7147498,30.0,yolo,1.0,6.324555320336759,26.666666666666668
1790608815.8531792,30.0,yolo,1.0,6.324555320336759,26.666666666666668
1790608815.98158,30.0,yolo,1.0,5.385164807134504,26.666666666666668
1790608816.1279528,30.0,yolo,1.0,6.324555320336759,26.666666666666668
1790608816.2717655,30.0,yolo,1.0,6.082762530298219,26.666666666666668
1790608816.4175422,30.0,yolo,1.0,6.082762530298219,26.666666666666668
1790608816.5609777,30.0,yolo,1.0,6.082762530298219,26.666666666666668
1790608816.7150264,30.0,yolo,1.0,6.082762530298219,26.666666666666668
1790608816.8810468,30.0,yolo,1.0,6.0,26.666666666666668
1790608817.0151174,30.0,yolo,1.0,6.0,26.666666666666668
1790608817.1756186,30.0,yolo,1.0,6.0,20.0
1790608817.3334563,30.0,yolo,1.0,6.0,20.0
1790608817.50033,30.0,yolo,1.0,6.0,20.0
1790608817.6519353,30.0,yolo,1.0,6.082762530298219,20.0
1790608817.7942998,30.0,yolo,1.0,6.082762530298219,20.0
1790608817.9150417,30.0,yolo,1.0,6.082762530298219,20.0
1790608818.0527213,30.0,yolo,1.0,6.324555320336759,20.0
1790608818.1751053,30.0,yolo,1.0,5.385164807134504,20.0
1790608818.294635,30.0,yolo,1.0,6.324555320336759,20.0
1790608818.4144788,30.0,yolo,0.9819137629412293,5.385164807134504,20.0
1790608818.530434,30.0,yolo,0.9819137629412293,6.324555320336759,20.0
1790608818.6708987,30.0,yolo,0.9819137629412293,5.830951894845301,20.0
1790608818.8149655,30.0,yolo,0.9819137629412293,6.708203932499369,20.0
1790608818.9522367,30.0,yolo,0.9819137629412293,5.830951894845301,20.0
1790608819.0558603,30.0,yolo,0.9819137629412293,5.830951894845301,20.0
1790608819.1559954,30.0,yolo,0.9819137629412293,5.830951894845301,20.0
1790608819.257841,30.0,yolo,0.9819137629412293,6.4031242374328485,20.0
1790608819.353888,30.0,yolo,0.9819137629412293,6.4031242374328485,20.0
1790608819.4504292,30.0,yolo,0.9819137629412293,5.656854249492381,20.0
1790608819.5435827,30.0,yolo,0.9819137629412293,5.0,20.0
1790608819.6395688,30.0,yolo,0.9819137629412293,5.656854249492381,20.0
1790608819.783848,30.0,kalman,0.9669865218857546,5.656854249492381,20.0
1790608819.9519346,30.0,kalman,0.9436199761901936,9.899494936611665,20.0
1790608820.1259048,30.0,kalman,0.9110425242784141,9.899494936611665,20.0
1790608820.245878,30.0,kalman,0.8693948008918042,10.63014581273465,20.0
1790608820.3669493,30.0,kalman,0.8197432848620424,12.041594578792296,20.0
1790608820.4887936,30.0,kalman,0.7639129575060741,11.313708498984761,20.0
1790608820.6065888,30.0,kalman,0.7041796861631797,12.041594578792296,20.0
1790608820.7074852,30.0,kalman,0.6429125855048551,12.727922061357855,20.0
1790608820.8095517,30.0,kalman,0.5822627878407509,11.313708498984761,20.0
1790608820.915418,30.0,kalman,0.523960545617411,12.727922061357855,20.0
1790608821.0192842,30.0,kalman,0.4692344992894645,12.041594578792296,20.0
1790608821.123672,30.0,kalman,0.4188293229607634,11.313708498984761,20.0
1790608821.234463,30.0,kalman,0.3730826684154917,12.727922061357855,20.0
1790608821.3541186,30.0,kalman,0.33202497847582824,11.313708498984761,20.0
1790608821.4839125,30.0,kalman,0.2954769164069401,14.212670403551895,20.0
1790608821.5951085,30.0,kalman,0.26313133190884164,18.35755975068582,20.0
1790608821.6948328,30.0,kalman,0.23461539342756135,21.540659228538015,20.0
1790608821.798102,30.0,kalman,0.2095340954905856,26.570660511172846,20.0
1790608821.913835,30.0,KALMAN-REACQUIRED,1.0,25.495097567963924,20.0
1790608821.9987004,30.0,yolo,1.0,27.294688127912362,20.0
1790608822.08521,30.0,yolo,1.0,17.08800749063506,20.0
1790608822.1704462,30.0,yolo,1.0,13.038404810405298,20.0
1790608822.2552345,30.0,yolo,1.0,8.94427190999916,20.0
1790608822.3431268,30.0,yolo,1.0,7.280109889280518,20.0
1790608822.433451,30.0,yolo,1.0,5.0990195135927845,20.0
1790608822.52446,30.0,yolo,1.0,5.0990195135927845,20.0
1790608822.6316829,30.0,yolo,1.0,5.385164807134504,20.0
1790608822.7423391,30.0,yolo,1.0,5.0990195135927845,20.0
1790608822.8288946,30.0,yolo,1.0,5.0990195135927845,20.0
1790608822.9138079,30.0,yolo,1.0,4.47213595499958,20.0
1790608823.0047693,30.0,yolo,0.981908347177856,5.385164807134504,20.0
1790608823.0907865,30.0,yolo,0.9819120480962785,5.385164807134504,20.0
1790608823.1772933,30.0,yolo,0.9819125009434917,4.47213595499958,20.0
1790608823.268689,30.0,yolo,0.9819124216377314,5.0,20.0
1790608823.3657522,30.0,yolo,0.9819125331255433,5.830951894845301,20.0
1790608823.458233,30.0,yolo,0.9819128250628197,5.0,20.0
1790608823.5466247,30.0,yolo,0.9819131549291641,5.830951894845301,20.0
1790608823.6342645,30.0,yolo,0.9819134204315044,5.656854249492381,20.0
1790608823.7228775,30.0,yolo,0.9819135928356985,5.0,20.0
1790608823.8098755,30.0,yolo,0.9819136905314355,5.656854249492381,20.0
1790608823.8961818,30.0,yolo,0.9819137353565447,5.656854249492381,20.0
1790608823.9841497,30.0,yolo,0.9819137525969724,5.656854249492381,20.0
1790608824.0707169,30.0,yolo,0.9819137571944199,4.242640687119285,20.0
1790608824.1688614,30.0,yolo,0.9819137571944199,5.830951894845301,20.0
1790608824.286643,30.0,yolo,0.9819137571944199,5.656854249492381,20.0
1790608824.3734431,30.0,yolo,0.9819137571944199,5.830951894845301,20.0
1790608824.4618342,30.0,yolo,0.9819137571944199,5.830951894845301,20.0
1790608824.5610433,30.0,yolo,0.9819137594931437,5.0,20.0
1790608824.6485143,30.0,yolo,0.9819137594931437,5.830951894845301,20.0
1790608824.737094,30.0,yolo,0.9819137594931437,5.385164807134504,20.0
1790608824.8261056,30.0,yolo,0.9819137594931437,5.385164807134504,20.0
1790608824.9120824,30.0,yolo,0.9819137594931437,5.830951894845301,20.0
1790608824.99952,30.0,yolo,1.0,5.0990195135927845,20.0
1790608825.0866992,30.0,yolo,1.0,6.324555320336759,20.0
1790608825.1744633,30.0,yolo,1.0,5.0990195135927845,20.0
1790608825.261398,30.0,classical,1.0,5.385164807134504,20.0
1790608825.348424,30.0,yolo,1.0,5.0990195135927845,20.0
1790608825.4374979,30.0,yolo,1.0,5.0990195135927845,20.0
1790608825.5282485,30.0,yolo,1.0,5.0,20.0
1790608825.6142924,30.0,yolo,1.0,5.0990195135927845,20.0
1790608825.7004075,30.0,yolo,1.0,6.0,20.0
1790608825.7881496,30.0,yolo,1.0,5.0,20.0
1790608825.8752992,30.0,yolo,1.0,5.0,20.0
1790608825.962313,30.0,yolo,1.0,5.0,20.0
1790608826.0483298,30.0,yolo,1.0,6.082762530298219,20.0
1790608826.1360564,30.0,yolo,1.0,5.0,20.0
1790608826.223233,30.0,yolo,1.0,5.0990195135927845,20.0
1790608826.3099144,30.0,yolo,1.0,5.0,20.0
1790608826.3951974,30.0,yolo,1.0,5.0990195135927845,20.0
1790608826.4835947,30.0,yolo,1.0,4.47213595499958,20.0
1790608826.5729995,30.0,yolo,1.0,6.324555320336759,20.0
1790608826.6593413,30.0,yolo,1.0,5.0990195135927845,20.0
1790608826.7466223,30.0,yolo,1.0,4.47213595499958,20.0
1790608826.8332539,30.0,yolo,1.0,6.082762530298219,20.0
1790608826.9194915,30.0,yolo,1.0,5.830951894845301,20.0
1790608827.006081,30.0,classical,1.0,5.830951894845301,20.0
1790608827.09464,30.0,yolo,1.0,5.385164807134504,20.0
1790608827.1818163,30.0,yolo,1.0,4.47213595499958,20.0
1790608827.2683518,30.0,yolo,1.0,5.0,20.0
1790608827.3566267,30.0,yolo,1.0,6.4031242374328485,16.0
1790608827.4467387,30.0,yolo,1.0,5.0,16.0
1790608827.5421083,30.0,yolo,1.0,5.0,16.0
1790608827.6291087,30.0,yolo,1.0,5.0,16.0
1790608827.7169585,30.0,yolo,1.0,5.656854249492381,16.0
1790608827.8040102,30.0,yolo,1.0,5.0,16.0
1790608827.891092,30.0,yolo,1.0,5.656854249492381,16.0
1790608827.9786694,30.0,yolo,1.0,5.656854249492381,16.0
1790608828.0768616,30.0,yolo,1.0,5.0,16.0
1790608828.1840246,30.0,yolo,1.0,5.830951894845301,16.0
1790608828.2809148,30.0,yolo,1.0,5.656854249492381,16.0
1790608828.3721094,30.0,yolo,1.0,5.830951894845301,16.0
1790608828.4629624,30.0,yolo,1.0,5.830951894845301,16.0
1790608828.5560546,30.0,yolo,1.0,5.830951894845301,16.0
1790608828.6442542,30.0,yolo,1.0,5.830951894845301,16.0
1790608828.7312946,30.0,yolo,1.0,5.385164807134504,16.0
1790608828.8202415,30.0,yolo,1.0,5.385164807134504,16.0
1790608828.9077487,30.0,yolo,1.0,5.385164807134504,16.0
1790608828.9969149,30.0,yolo,1.0,5.0990195135927845,16.0
1790608829.0852175,30.0,yolo,1.0,5.0990195135927845,16.0
1790608829.1759343,30.0,yolo,1.0,5.385164807134504,16.0
1790608829.2829902,30.0,yolo,1.0,5.0990195135927845,16.0
1790608829.392323,30.0,yolo,1.0,6.082762530298219,16.0
1790608829.5032973,30.0,yolo,1.0,6.082762530298219,16.0
1790608829.6015859,30.0,yolo,1.0,6.082762530298219,16.0
1790608829.689991,30.0,yolo,1.0,5.0,16.0
1790608829.7753596,30.0,yolo,1.0,6.0,16.0
1790608829.863945,30.0,yolo,1.0,5.0,16.0
1790608829.952356,30.0,yolo,1.0,6.0,16.0
1790608830.0435233,30.0,yolo,1.0,5.0,16.0
1790608830.13147,30.0,yolo,1.0,5.0990195135927845,16.0
1790608830.221398,30.0,yolo,1.0,6.082762530298219,16.0
1790608830.3096263,30.0,yolo,1.0,5.0990195135927845,16.0
1790608830.3980274,30.0,yolo,1.0,5.0990195135927845,16.0
1790608830.4870555,30.0,yolo,1.0,5.0990195135927845,16.0
1790608830.5750692,30.0,yolo,1.0,6.324555320336759,16.0
1790608830.661014,30.0,yolo,1.0,5.0990195135927845,16.0
1790608830.748973,30.0,yolo,1.0,5.385164807134504,16.0
1790608830.8363175,30.0,yolo,1.0,5.385164807134504,16.0
1790608830.924122,30.0,yolo,1.0,5.830951894845301,16.0
1790608831.0121312,30.0,yolo,1.0,5.830951894845301,16.0
1790608831.1009526,30.0,yolo,1.0,4.47213595499958,16.0
1790608831.1878886,30.0,yolo,1.0,5.385164807134504,16.0
1790608831.2930248,30.0,yolo,1.0,5.656854249492381,16.0
1790608831.383179,30.0,yolo,1.0,5.0,16.0
1790608831.473093,30.0,yolo,1.0,6.4031242374328485,16.0
1790608831.5647776,30.0,yolo,1.0,5.830951894845301,16.0
1790608831.65167,30.0,yolo,1.0,5.0,16.0
1790608831.7389166,30.0,yolo,1.0,5.0,16.0
1790608831.8286407,30.0,yolo,1.0,5.0,16.0
1790608831.916161,30.0,yolo,1.0,5.656854249492381,16.0
1790608832.0044374,30.0,yolo,1.0,5.0,16.0
1790608832.0953245,30.0,yolo,1.0,6.4031242374328485,16.0
1790608832.2056458,30.0,yolo,1.0,5.0,16.0
1790608832.3117049,30.0,yolo,1.0,6.4031242374328485,16.0
1790608832.4112363,30.0,yolo,1.0,5.385164807134504,16.0
1790608832.5300329,30.0,yolo,1.0,6.082762530298219,16.0
1790608832.6190045,30.0,classical,1.0,5.656854249492381,16.0
1790608832.7090409,30.0,yolo,1.0,6.082762530298219,16.0
1790608832.7968404,30.0,yolo,1.0,6.4031242374328485,16.0
1790608832.8846996,30.0,yolo,1.0,5.0,16.0
1790608832.972336,30.0,yolo,1.0,5.385164807134504,16.0
1790608833.060049,30.0,yolo,1.0,6.324555320336759,16.0
1790608833.1580493,30.0,yolo,1.0,4.47213595499958,16.0
1790608833.2750797,30.0,yolo,1.0,6.082762530298219,16.0
1790608833.3652394,30.0,yolo,1.0,6.082762530298219,16.0
1790608833.4572003,30.0,yolo,1.0,5.0990195135927845,16.0
1790608833.5497615,30.0,yolo,1.0,6.082762530298219,16.0
1790608833.6415722,30.0,yolo,1.0,5.0990195135927845,16.0
1790608833.7323282,30.0,yolo,1.0,6.082762530298219,16.0
1790608833.8241117,30.0,yolo,1.0,5.0,16.0
1790608833.918239,30.0,classical,1.0,6.0,16.0
1790608834.0071003,30.0,classical,1.0,5.0990195135927845,16.0
1790608834.095214,30.0,yolo,1.0,6.082762530298219,16.0
1790608834.1802983,30.0,yolo,1.0,6.082762530298219,16.0
1790608834.2658062,30.0,yolo,1.0,5.0,16.0
1790608834.352178,30.0,yolo,1.0,5.385164807134504,16.0
1790608834.4362605,30.0,yolo,1.0,5.0990195135927845,16.0
1790608834.5253246,30.0,classical,1.0,4.47213595499958,16.0
1790608834.6108022,30.0,yolo,0.9819137594931437,5.830951894845301,16.0
1790608834.6946995,30.0,yolo,0.9819137594931437,6.0,16.0
1790608834.7788339,30.0,yolo,0.9819137594931437,3.1622776601683795,16.0
1790608834.8634095,30.0,yolo,0.9819137594931437,5.385164807134504,16.0
1790608834.948741,30.0,yolo,0.9819137594931437,5.385164807134504,16.0
1790608835.0326471,30.0,yolo,0.9819137594931437,5.830951894845301,16.0
1790608835.1158562,30.0,yolo,0.9819137594931437,4.47213595499958,16.0
1790608835.1980615,30.0,yolo,0.9819137594931437,5.830951894845301,16.0
1790608835.2805326,30.0,classical,0.9819137594931437,5.0,16.0
1790608835.3637528,30.0,classical,0.9819137594931437,5.0,16.0
1790608835.449488,30.0,classical,0.9819137594931437,5.0,16.0
1790608835.536715,30.0,classical,0.9819137594931437,5.0,16.0
1790608835.6206343,30.0,classical,0.9819137594931437,5.0,16.0
1790608835.7029502,30.0,classical,0.9819137594931437,5.656854249492381,16.0
1790608835.7873282,30.0,classical,0.9819137594931437,4.242640687119285,16.0
1790608835.8719037,30.0,classical,0.9819137594931437,5.656854249492381,16.0
1790608835.9538028,30.0,classical,0.9819137594931437,5.0,16.0
1790608836.0358155,30.0,classical,0.9819137594931437,4.242640687119285,16.0
1790608836.118087,30.0,classical,0.9819137594931437,5.830951894845301,16.0
1790608836.200186,30.0,yolo,0.9819137594931437,4.242640687119285,16.0
1790608836.2829509,30.0,yolo,0.9819137594931437,5.0,16.0
1790608836.3666372,30.0,yolo,0.9819137594931437,4.47213595499958,16.0
1790608836.4495296,30.0,yolo,0.9819137594931437,5.0,16.0
1790608836.533573,30.0,classical,1.0,5.385164807134504,16.0
1790608836.6167355,30.0,classical,1.0,5.385164807134504,16.0
1790608836.6990771,30.0,yolo,0.9819137594931437,4.47213595499958,16.0
1790608836.7822685,30.0,yolo,1.0,5.385164807134504,16.0
1790608836.864255,30.0,yolo,1.0,4.123105625617661,16.0
1790608836.9474945,30.0,classical,1.0,5.385164807134504,16.0
1790608837.0337033,30.0,classical,1.0,5.0990195135927845,16.0
1790608837.1162,30.0,classical,1.0,6.324555320336759,16.0
1790608837.1982615,30.0,yolo,1.0,4.0,16.0
1790608837.280688,30.0,yolo,0.9819137594931437,5.0990195135927845,16.0
1790608837.365554,30.0,classical,1.0,5.0990195135927845,16.0
1790608837.4485157,30.0,classical,1.0,5.0990195135927845,16.0
1790608837.5469673,30.0,classical,1.0,5.0990195135927845,16.0
1790608837.6328528,30.0,classical,1.0,5.0,16.0
1790608837.7169838,30.0,classical,1.0,6.0,16.0
1790608837.804181,30.0,classical,1.0,5.0,16.0
1790608837.8900497,30.0,classical,1.0,6.0,16.0
1790608837.9758275,30.0,classical,1.0,5.0990195135927845,16.0
1790608838.06042,30.0,classical,1.0,5.0,16.0
1790608838.1623163,30.0,yolo,1.0,5.0990195135927845,16.0
1790608838.2590084,30.0,classical,1.0,5.0990195135927845,16.0
1790608838.343924,30.0,classical,1.0,6.082762530298219,16.0
1790608838.426539,30.0,classical,1.0,5.385164807134504,16.0
1790608838.514125,30.0,classical,1.0,5.0990195135927845,16.0
1790608838.5991778,30.0,classical,1.0,5.385164807134504,16.0
1790608838.6854815,30.0,classical,0.9819137594931437,5.385164807134504,16.0
1790608838.7827516,30.0,classical,1.0,5.385164807134504,16.0
1790608838.8860497,30.0,classical,1.0,5.385164807134504,16.0
1790608838.9782405,30.0,classical,1.0,5.830951894845301,16.0
1790608839.0632575,30.0,classical,0.9819137594931437,5.830951894845301,16.0
1790608839.1472898,30.0,classical,0.9819137594931437,5.830951894845301,16.0
1790608839.233566,30.0,classical,0.9819137594931437,4.47213595499958,16.0
1790608839.3189218,30.0,yolo,0.9819137594931437,7.0710678118654755,16.0
1790608839.402503,30.0,classical,0.9819137594931437,4.47213595499958,16.0
1790608839.4887152,30.0,classical,0.9819137594931437,5.0,16.0
1790608839.5731876,30.0,classical,0.9819137594931437,5.0,16.0
1790608839.6572855,30.0,classical,0.9819137594931437,4.242640687119285,16.0
1790608839.740961,30.0,classical,0.9819137594931437,5.656854249492381,16.0
1790608839.8228657,30.0,classical,0.9819137594931437,4.242640687119285,16.0
1790608839.9076068,30.0,classical,0.9819137594931437,5.656854249492381,16.0
1790608839.9917338,30.0,classical,0.9819137594931437,5.0,16.0
1790608840.0765858,30.0,classical,0.9819137594931437,5.0,16.0
1790608840.1613245,30.0,classical,0.9819137594931437,5.385164807134504,16.0
1790608840.2410634,30.0,yolo,0.9819137594931437,4.47213595499958,16.0
1790608840.3237672,30.0,classical,0.9819137594931437,5.0,16.0
1790608840.4044142,30.0,classical,0.9819137594931437,5.0,16.0
1790608840.482771,30.0,classical,0.9819137594931437,4.47213595499958,16.0
1790608840.566504,30.0,classical,0.9819137594931437,5.830951894845301,16.0
1790608840.6477036,30.0,yolo,0.9819137594931437,4.47213595499958,16.0
1790608840.7348073,30.0,yolo,0.9819137594931437,5.385164807134504,16.0
1790608840.8191574,30.0,classical,1.0,5.0990195135927845,16.0
1790608840.9043264,30.0,yolo,1.0,4.47213595499958,16.0
1790608841.1630325,30.0,classical,1.0,5.0990195135927845,16.0
1790608841.2513075,30.0,yolo,0.9819137594931437,6.082762530298219,16.0
1790608841.3385482,30.0,yolo,0.9819137594931437,5.385164807134504,16.0
1790608841.4259093,30.0,yolo,0.9819137594931437,5.0990195135927845,16.0
1790608841.51428,30.0,yolo,0.9819137594931437,5.0,16.0
1790608841.6027381,30.0,yolo,0.9819137594931437,5.0990195135927845,16.0
1790608841.6881835,30.0,yolo,0.9819137594931437,5.0,16.0
1790608841.7736764,30.0,classical,1.0,6.0,16.0
1790608841.8589997,30.0,classical,1.0,6.0,16.0
1790608841.9439292,30.0,yolo,1.0,5.0,16.0
1790608842.0324426,30.0,yolo,1.0,5.0990195135927845,16.0
1790608842.1329665,30.0,yolo,0.9819137594931437,5.0,16.0
1790608842.2416546,30.0,classical,0.9819137594931437,6.082762530298219,16.0
1790608842.3375332,30.0,classical,0.9819137594931437,5.0990195135927845,16.0
1790608842.4247587,30.0,classical,0.9819137594931437,6.082762530298219,16.0
1790608842.5152402,30.0,classical,0.9819137594931437,6.082762530298219,16.0
1790608842.6033397,30.0,yolo,0.9819137594931437,7.0,16.0
1790608842.692356,30.0,yolo,0.9819137594931437,5.0,16.0
1790608842.779829,30.0,yolo,0.9819137594931437,5.385164807134504,13.333333333333334
1790608842.86988,30.0,yolo,0.9819137594931437,5.830951894845301,13.333333333333334
1790608842.9574022,30.0,yolo,0.9819137594931437,5.0,13.333333333333334
1790608843.0422146,30.0,yolo,0.9819137594931437,4.47213595499958,13.333333333333334
1790608843.1271052,30.0,yolo,0.9819137594931437,5.830951894845301,13.333333333333334
1790608843.213995,30.0,yolo,0.9819137594931437,4.47213595499958,13.333333333333334
1790608843.3005302,30.0,yolo,0.9819137594931437,5.0,13.333333333333334
1790608843.385458,30.0,yolo,0.9819137594931437,5.385164807134504,13.333333333333334
1790608843.4716585,30.0,yolo,0.9819137594931437,5.0,13.333333333333334
1790608843.6099927,30.0,yolo,0.9819137594931437,5.656854249492381,13.333333333333334
1790608843.7032511,30.0,yolo,0.9819137594931437,5.656854249492381,13.333333333333334
1790608843.795076,30.0,yolo,0.9819137594931437,5.0,13.333333333333334
1790608843.8920581,30.0,yolo,0.9819137594931437,7.0710678118654755,13.333333333333334
1790608843.9789069,30.0,yolo,0.9819137594931437,5.0,13.333333333333334
1790608844.0681908,30.0,yolo,0.9819137594931437,5.0,13.333333333333334
1790608844.154992,30.0,yolo,1.0,5.656854249492381,13.333333333333334
1790608844.2434237,30.0,classical,1.0,5.0,13.333333333333334
1790608844.3304832,30.0,classical,1.0,6.4031242374328485,13.333333333333334
1790608844.4233093,30.0,yolo,1.0,5.0,13.333333333333334
1790608844.5126147,30.0,yolo,1.0,5.385164807134504,13.333333333333334
1790608844.6001728,30.0,yolo,1.0,5.830951894845301,13.333333333333334
1790608844.6890976,30.0,yolo,1.0,4.47213595499958,13.333333333333334
1790608844.7775095,30.0,yolo,1.0,5.385164807134504,13.333333333333334
1790608844.8658233,30.0,yolo,1.0,6.324555320336759,13.333333333333334
1790608844.9506907,30.0,yolo,1.0,4.47213595499958,13.333333333333334
1790608845.0381267,30.0,yolo,1.0,5.0990195135927845,13.333333333333334
1790608845.1206174,30.0,yolo,0.9819137594931437,5.385164807134504,13.333333333333334
1790608845.20608,30.0,yolo,0.9819137594931437,5.0990195135927845,13.333333333333334
1790608845.2890406,30.0,yolo,0.9819137594931437,5.385164807134504,13.333333333333334
1790608845.3758602,30.0,yolo,0.9819137594931437,5.0,13.333333333333334
1790608845.4636495,30.0,yolo,0.9819137594931437,5.0990195135927845,13.333333333333334
1790608845.5522063,30.0,yolo,0.9819137594931437,5.0990195135927845,13.333333333333334
1790608845.6402674,30.0,yolo,0.9819137594931437,6.082762530298219,13.333333333333334
1790608845.732716,30.0,yolo,0.9819137594931437,5.0990195135927845,13.333333333333334
1790608845.8199384,30.0,yolo,0.9819137594931437,6.082762530298219,13.333333333333334
1790608845.90769,30.0,yolo,0.9819137594931437,5.0,13.333333333333334
1790608845.9941807,30.0,yolo,0.9819137594931437,5.0,13.333333333333334
1790608846.0955546,30.0,classical,1.0,6.0,13.333333333333334
1790608846.1866877,30.0,yolo,0.9819137594931437,5.0990195135927845,13.333333333333334
1790608846.2763202,30.0,yolo,0.9819137594931437,6.082762530298219,13.333333333333334
1790608846.3671198,30.0,yolo,1.0,5.0990195135927845,11.428571428571429
1790608846.4559896,30.0,yolo,1.0,5.0990195135927845,11.428571428571429
1790608846.5444021,30.0,yolo,1.0,5.385164807134504,11.428571428571429
1790608846.6317573,30.0,yolo,1.0,5.0990195135927845,11.428571428571429
1790608846.7192433,30.0,yolo,0.9819137594931437,5.385164807134504,11.428571428571429
1790608846.8076842,30.0,yolo,0.9819137594931437,5.385164807134504,11.428571428571429
1790608846.89236,30.0,yolo,1.0,5.385164807134504,11.428571428571429
1790608846.9788184,30.0,classical,1.0,5.385164807134504,11.428571428571429
1790608847.0647964,30.0,classical,1.0,5.0,11.428571428571429
1790608847.1511889,30.0,classical,1.0,5.830951894845301,11.428571428571429
1790608847.285494,30.0,classical,1.0,4.47213595499958,11.428571428571429
1790608847.4113443,30.0,yolo,1.0,6.4031242374328485,11.428571428571429
1790608847.5406547,30.0,yolo,1.0,5.656854249492381,11.428571428571429
1790608847.6631813,30.0,classical,1.0,5.830951894845301,11.428571428571429
1790608847.786102,30.0,classical,1.0,6.4031242374328485,11.428571428571429
1790608847.918121,30.0,yolo,1.0,5.656854249492381,11.428571428571429
1790608848.0416584,30.0,classical,1.0,5.656854249492381,11.428571428571429
1790608848.1787694,30.0,classical,0.9819137594931437,6.4031242374328485,11.428571428571429
1790608848.3061032,30.0,classical,0.9819137594931437,6.4031242374328485,11.428571428571429
1790608848.4325614,30.0,classical,0.9819137594931437,5.656854249492381,11.428571428571429
1790608848.5572867,30.0,yolo,0.9819137594931437,7.211102550927978,11.428571428571429
1790608848.68382,30.0,yolo,1.0,5.385164807134504,11.428571428571429
1790608848.810278,30.0,yolo,1.0,6.4031242374328485,11.428571428571429
1790608848.9346178,30.0,yolo,0.9819137594931437,5.385164807134504,11.428571428571429
1790608849.0638227,30.0,yolo,0.9819137594931437,7.615773105863909,11.428571428571429
1790608849.1904607,30.0,yolo,0.9819137594931437,5.385164807134504,11.428571428571429
1790608849.3170855,30.0,classical,0.9819137594931437,5.830951894845301,11.428571428571429
1790608849.442734,30.0,yolo,0.9819137594931437,5.385164807134504,11.428571428571429
1790608849.5704513,30.0,classical,0.9819137594931437,6.324555320336759,11.428571428571429
1790608849.6969802,30.0,yolo,0.9819137594931437,6.708203932499369,11.428571428571429
1790608849.818982,30.0,classical,0.9819137594931437,6.082762530298219,11.428571428571429
1790608849.945861,30.0,classical,0.9819137594931437,6.082762530298219,11.428571428571429
1790608850.0786264,30.0,classical,0.9819137594931437,6.0,11.428571428571429
1790608850.211966,30.0,yolo,1.0,5.0,11.428571428571429
1790608850.3390825,30.0,classical,1.0,6.0,11.428571428571429
1790608850.465806,30.0,classical,1.0,7.0,11.428571428571429
1790608850.5896978,30.0,classical,1.0,6.0,11.428571428571429
1790608850.713874,30.0,classical,1.0,6.0,11.428571428571429
1790608850.8363822,30.0,classical,1.0,6.082762530298219,11.428571428571429
1790608850.9621074,30.0,classical,1.0,6.082762530298219,11.428571428571429
1790608851.0874426,30.0,classical,0.9819137594931437,6.082762530298219,11.428571428571429
1790608851.2145245,30.0,classical,1.0,6.082762530298219,11.428571428571429
1790608851.362081,30.0,yolo,0.9819137594931437,5.385164807134504,11.428571428571429
1790608851.4919934,30.0,classical,0.9819137594931437,5.0,11.428571428571429
1790608851.623885,30.0,classical,0.9819137594931437,7.280109889280518,11.428571428571429
1790608851.755355,30.0,sim-assist,0.9819137594931437,6.324555320336759,11.428571428571429
1790608851.8839653,30.0,classical,0.9819137594931437,13.416407864998739,11.428571428571429
1790608852.0075493,30.0,classical,0.9819137594931437,9.219544457292887,11.428571428571429
1790608852.1336892,30.0,yolo,0.9819137594931437,4.123105625617661,11.428571428571429
1790608852.2851624,30.0,yolo,0.9819137594931437,6.4031242374328485,11.428571428571429
1790608852.4254453,30.0,yolo,0.9819137594931437,9.055385138137417,11.428571428571429
1790608852.5542185,30.0,sim-assist,0.9819137594931437,4.47213595499958,11.428571428571429
1790608852.6821084,30.0,yolo,0.9819137594931437,5.0990195135927845,11.428571428571429
1790608852.810046,30.0,sim-assist,0.9819137594931437,6.708203932499369,11.428571428571429
1790608852.940425,30.0,sim-assist,0.9819137594931437,6.4031242374328485,11.428571428571429
1790608853.0713587,30.0,yolo,0.9819137594931437,1.0,11.428571428571429
1790608853.2039917,30.0,classical,0.9819137594931437,9.486832980505138,11.428571428571429
1790608853.3340158,30.0,yolo,0.9819137594931437,12.041594578792296,11.428571428571429
1790608853.466755,30.0,sim-assist,0.9819137594931437,5.656854249492381,11.428571428571429
1790608853.5948782,30.0,classical,0.9819137594931437,8.246211251235321,11.428571428571429
1790608853.718242,30.0,classical,0.9819137594931437,10.0,11.428571428571429
1790608853.8463237,30.0,sim-assist,0.9819137594931437,7.0,11.428571428571429
1790608853.9764476,30.0,classical,0.9819137594931437,5.385164807134504,11.428571428571429
1790608854.1078308,30.0,sim-assist,0.9819137594931437,8.06225774829855,11.428571428571429
1790608854.2351446,30.0,sim-assist,0.9819137594931437,7.0,11.428571428571429
1790608854.3688054,30.0,classical,0.9819137594931437,4.242640687119285,11.428571428571429
1790608854.5005474,30.0,classical,1.0,5.0990195135927845,11.428571428571429
1790608854.6335301,30.0,sim-assist,0.9819137594931437,10.04987562112089,11.428571428571429
1790608854.7659962,30.0,sim-assist,0.9819137594931437,8.06225774829855,11.428571428571429
1790608854.8952425,30.0,sim-assist,0.9819137594931437,8.0,11.428571428571429
1790608855.0267243,30.0,classical,0.9819137594931437,3.605551275463989,11.428571428571429
1790608855.1538818,30.0,sim-assist,0.9819137594931437,9.055385138137417,11.428571428571429
1790608855.276465,30.0,sim-assist,0.9819137594931437,7.0,11.428571428571429
1790608855.4032736,30.0,sim-assist,0.9819137594931437,7.0,11.428571428571429
1790608855.531719,30.0,classical,0.9819137594931437,3.1622776601683795,11.428571428571429
1790608855.6632245,30.0,classical,0.9819137594931437,4.242640687119285,11.428571428571429
1790608855.7929022,30.0,sim-assist,0.9819137594931437,9.219544457292887,11.428571428571429
1790608855.925344,30.0,sim-assist,0.9819137594931437,8.06225774829855,11.428571428571429
1790608856.0559914,30.0,classical,0.9819137594931437,3.605551275463989,11.428571428571429
1790608856.184105,30.0,sim-assist,0.9819137594931437,8.54400374531753,11.428571428571429
1790608856.3145914,30.0,sim-assist,0.9819137594931437,7.615773105863909,11.428571428571429
1790608856.4472291,30.0,sim-assist,0.9819137594931437,7.280109889280518,11.428571428571429
1790608856.5820603,30.0,sim-assist,0.9819137594931437,6.324555320336759,11.428571428571429
1790608856.7107465,30.0,sim-assist,0.9819137594931437,6.324555320336759,11.428571428571429
1790608856.84573,30.0,sim-assist,0.9819137594931437,6.324555320336759,11.428571428571429
1790608856.9790738,30.0,sim-assist,0.9819137594931437,5.830951894845301,11.428571428571429
1790608857.1066453,30.0,sim-assist,0.9819137594931437,5.830951894845301,11.428571428571429
1790608857.2386389,30.0,sim-assist,0.9819137594931437,6.708203932499369,11.428571428571429
1790608857.3645809,30.0,sim-assist,0.9819137594931437,5.385164807134504,11.428571428571429
1790608857.494063,30.0,sim-assist,0.9819137594931437,6.4031242374328485,11.428571428571429
1790608857.6221046,30.0,classical,0.9819137594931437,6.708203932499369,11.428571428571429
1790608857.7495391,30.0,sim-assist,0.9819137594931437,8.602325267042627,11.428571428571429
1790608857.8757498,30.0,classical,0.9819137594931437,5.385164807134504,11.428571428571429
1790608857.9999902,30.0,sim-assist,0.9819137594931437,8.602325267042627,11.428571428571429
1790608858.1273513,30.0,classical,0.9819137594931437,4.0,11.428571428571429
1790608858.254046,30.0,classical,0.9819137594931437,9.486832980505138,11.428571428571429
1790608858.3850362,30.0,sim-assist,0.9819137594931437,7.810249675906654,11.428571428571429
1790608858.523269,30.0,sim-assist,0.9819137594931437,7.810249675906654,11.428571428571429
1790608858.679658,30.0,sim-assist,0.9819137594931437,7.0710678118654755,11.428571428571429
1790608858.8220026,30.0,classical,0.9819137594931437,4.242640687119285,11.428571428571429
1790608858.9696102,30.0,classical,0.9819137594931437,9.219544457292887,11.428571428571429
1790608859.1360037,30.0,classical,0.9819137594931437,5.830951894845301,11.428571428571429
1790608859.3192863,30.0,kalman,0.9669865129682997,5.656854249492381,11.428571428571429
1790608859.4774165,30.0,kalman,0.9436199592068057,10.63014581273465,11.428571428571429
1790608859.6333733,30.0,kalman,0.9110425005319677,13.45362404707371,11.428571428571429
1790608859.781209,30.0,kalman,0.8693947648501968,14.212670403551895,11.428571428571429
1790608859.9609272,30.0,kalman,0.8197432335941124,14.212670403551895,11.428571428571429
1790608860.1578398,30.0,kalman,0.7639128907225938,15.620499351813308,11.428571428571429
1790608860.3359437,30.0,kalman,0.7041795915836807,15.620499351813308,11.428571428571429
1790608860.5089326,30.0,kalman,0.6429125066671664,16.278820596099706,11.428571428571429
1790608860.6473913,30.0,kalman,0.5822627102429629,16.278820596099706,11.428571428571429
1790608860.7805197,30.0,kalman,0.5239604827814229,15.556349186104045,11.428571428571429
1790608860.9160795,30.0,kalman,0.4692344488940349,16.97056274847714,11.428571428571429
1790608861.0578816,30.0,kalman,0.4188292694274445,16.278820596099706,11.428571428571429
1790608861.194285,30.0,kalman,0.3730826259378728,16.278820596099706,11.428571428571429
1790608861.3310766,30.0,kalman,0.33202494483307454,16.278820596099706,11.428571428571429
1790608861.4618967,30.0,kalman,0.2954768897630802,16.278820596099706,11.428571428571429
1790608861.6017675,30.0,kalman,0.2631313107790527,16.278820596099706,11.428571428571429
1790608861.7364118,30.0,kalman,0.23461537662935,16.97056274847714,11.428571428571429
1790608861.892223,30.0,kalman,0.209534082091985,16.278820596099706,11.428571428571429
1790608862.0422285,30.0,kalman,0.18749841929814662,15.556349186104045,11.428571428571429
1790608862.1733005,30.0,kalman,0.1681421178558842,16.97056274847714,11.428571428571429
1790608862.308571,30.0,kalman,0.15113027625367378,20.248456731316587,11.428571428571429
1790608862.4394577,30.0,kalman,0.13616274373247478,25.059928172283335,11.428571428571429
1790608862.57612,30.0,kalman,0.12297423515640035,29.154759474226502,11.428571428571429
1790608862.7049851,30.0,kalman,0.11133249104614014,32.89376840679705,11.428571428571429
1790608862.8424122,30.0,kalman,0.10103550913442033,37.94733192202055,11.428571428571429
1790608862.975977,30.0,kalman,0.09190835664279372,42.44997055358225,11.428571428571429
1790608863.1067963,30.0,kalman,0.08379993420395791,47.29693436154187,11.428571428571429
1790608863.249096,30.0,kalman,0.07657993558946873,51.419840528729765,11.428571428571429
1790608863.3860273,30.0,kalman,0.07013604354804477,56.089214649520635,11.428571428571429
1790608863.5228753,30.0,kalman,0.06437142311135251,61.0,11.428571428571429
1790608863.6658096,30.0,kalman,0.05920252778605455,66.09841147864296,11.428571428571429
1790608863.798072,30.0,kalman,0.05455720488095181,70.8590149522275,11.428571428571429
1790608863.9340491,30.0,kalman,0.05037304771388945,74.81310045707235,11.428571428571429
1790608864.0732827,30.0,kalman,0.04659599001462495,79.90619500389191,11.428571428571429
1790608864.2083714,30.0,kalman,0.04317910822702217,84.71717653463199,11.428571428571429
1790608864.3527772,30.0,KALMAN-REACQUIRED,1.0,84.29116205154607,11.428571428571429
1790608864.4778094,30.0,world-guide,0.0,nan,11.428571428571429
1790608864.605483,30.0,classical,1.0,35.90264614203248,11.428571428571429
1790608864.734065,30.0,sim-assist,0.9786766664212453,69.63476143421474,11.428571428571429
1790608864.8601074,30.0,classical,1.0,41.30375285612676,11.428571428571429
1790608864.9834838,30.0,classical,1.0,18.973665961010276,11.428571428571429
1790608865.105728,30.0,classical,1.0,13.92838827718412,11.428571428571429
1790608865.232778,30.0,classical,1.0,8.94427190999916,11.428571428571429
1790608865.362653,30.0,classical,1.0,6.708203932499369,11.428571428571429
1790608865.490286,30.0,yolo,1.0,6.082762530298219,11.428571428571429
1790608865.6142623,30.0,yolo,1.0,3.0,11.428571428571429
1790608865.7369962,30.0,classical,1.0,3.0,11.428571428571429
1790608865.8609273,30.0,classical,1.0,1.4142135623730951,11.428571428571429
1790608865.9848258,30.0,classical,1.0,4.123105625617661,11.428571428571429
1790608866.1184702,30.0,classical,1.0,4.242640687119285,11.428571428571429
1790608866.2428265,30.0,yolo,1.0,2.23606797749979,11.428571428571429
1790608866.373091,30.0,yolo,0.981911483761884,12.36931687685298,11.428571428571429
1790608866.4948356,30.0,classical,0.9819118676471246,5.656854249492381,11.428571428571429
1790608866.6217759,30.0,classical,0.9819124308326015,6.082762530298219,11.428571428571429
1790608866.7497365,30.0,classical,0.981912953791123,9.848857801796104,11.428571428571429
1790608866.8785844,30.0,classical,0.9819133330800692,11.704699910719626,11.428571428571429
1790608866.9974341,30.0,classical,0.981913564101662,8.246211251235321,11.428571428571429
1790608867.1257527,30.0,yolo,0.9819136813365418,3.1622776601683795,11.428571428571429
1790608867.2478876,30.0,classical,0.9819137319084593,3.1622776601683795,11.428571428571429
1790608867.3764496,30.0,yolo,0.9819137514476106,10.198039027185569,11.428571428571429
1790608867.4964721,30.0,classical,1.0,7.810249675906654,11.428571428571429
1790608867.6208107,30.0,yolo,0.9819137571944199,9.433981132056603,11.428571428571429
1790608867.7413778,30.0,yolo,0.9819137571944199,7.615773105863909,11.428571428571429
1790608867.865806,30.0,classical,0.9819137571944199,7.0,11.428571428571429
1790608867.9968178,30.0,yolo,0.9819137571944199,4.0,11.428571428571429
1790608868.1252482,30.0,yolo,1.0,8.0,11.428571428571429
1790608868.250343,30.0,classical,0.9819137594931437,9.219544457292887,11.428571428571429
1790608868.372506,30.0,classical,0.9819137594931437,6.082762530298219,11.428571428571429
1790608868.4943511,30.0,classical,1.0,7.0710678118654755,11.428571428571429
1790608868.6235948,30.0,classical,1.0,7.0710678118654755,11.428571428571429
1790608868.751505,30.0,classical,1.0,5.0,11.428571428571429
1790608868.8775918,30.0,classical,1.0,7.810249675906654,11.428571428571429
1790608869.0063837,30.0,classical,1.0,6.082762530298219,11.428571428571429
1790608869.1297982,30.0,yolo,1.0,3.605551275463989,11.428571428571429
1790608869.2600994,30.0,classical,1.0,3.605551275463989,11.428571428571429
1790608869.4075916,30.0,classical,1.0,7.0,11.428571428571429
1790608869.5370016,30.0,yolo,1.0,3.1622776601683795,11.428571428571429
1790608869.6682198,30.0,classical,1.0,6.4031242374328485,11.428571428571429
1790608869.791392,30.0,classical,1.0,9.848857801796104,11.428571428571429
1790608869.9141765,30.0,classical,1.0,8.48528137423857,11.428571428571429
1790608870.0335598,30.0,yolo,1.0,5.830951894845301,11.428571428571429
1790608870.1643763,30.0,classical,1.0,8.0,11.428571428571429
1790608870.2894077,30.0,classical,1.0,10.0,11.428571428571429
1790608870.4203293,30.0,classical,1.0,9.486832980505138,11.428571428571429
1790608870.5476885,30.0,yolo,1.0,4.123105625617661,11.428571428571429
1790608870.6748965,30.0,classical,1.0,9.219544457292887,11.428571428571429
1790608870.7971566,30.0,yolo,1.0,9.433981132056603,11.428571428571429
1790608870.9220774,30.0,yolo,1.0,6.0,11.428571428571429
1790608871.0450118,30.0,yolo,0.9819137594931437,2.23606797749979,11.428571428571429
1790608871.1740904,30.0,classical,1.0,2.8284271247461903,11.428571428571429
1790608871.3040755,30.0,yolo,1.0,5.0,11.428571428571429
1790608871.4331934,30.0,yolo,1.0,12.041594578792296,11.428571428571429
1790608871.558787,30.0,yolo,1.0,6.708203932499369,11.428571428571429
1790608871.684516,30.0,yolo,0.9819137594931437,6.708203932499369,11.428571428571429
1790608871.8109386,30.0,yolo,0.9819137594931437,5.0990195135927845,11.428571428571429
1790608871.9401166,30.0,classical,1.0,6.4031242374328485,11.428571428571429
1790608872.0617182,30.0,classical,1.0,4.242640687119285,11.428571428571429
1790608872.2025623,30.0,classical,0.9819137594931437,7.0710678118654755,11.428571428571429
1790608872.352404,30.0,yolo,0.9819137594931437,13.152946437965905,11.428571428571429
1790608872.4771736,30.0,classical,0.9819137594931437,10.816653826391969,11.428571428571429
1790608872.6088054,30.0,sim-assist,0.9819137594931437,4.47213595499958,11.428571428571429
1790608872.7309663,30.0,classical,0.9819137594931437,26.076809620810597,11.428571428571429
1790608872.8579683,30.0,classical,0.9819137594931437,4.123105625617661,11.428571428571429
1790608872.9898572,30.0,yolo,0.9819137594931437,5.830951894845301,11.428571428571429
1790608873.1207175,30.0,yolo,0.9819137594931437,4.47213595499958,11.428571428571429
1790608873.2513847,30.0,classical,0.9819137594931437,3.0,11.428571428571429
1790608873.3852334,30.0,sim-assist,0.9819137594931437,4.242640687119285,11.428571428571429
1790608873.519096,30.0,sim-assist,0.9819137594931437,6.4031242374328485,11.428571428571429
1790608873.6543126,30.0,sim-assist,0.9819137594931437,6.4031242374328485,11.428571428571429
1790608873.7882457,30.0,sim-assist,0.9819137594931437,6.4031242374328485,13.333333333333334
1790608873.9222615,30.0,sim-assist,0.9819137594931437,6.4031242374328485,13.333333333333334
1790608874.0539002,30.0,classical,0.9819137594931437,2.23606797749979,13.333333333333334
1790608874.1871862,30.0,classical,0.9819137594931437,13.0,13.333333333333334
1790608874.3131104,30.0,sim-assist,0.9819137594931437,7.280109889280518,13.333333333333334
1790608874.4434636,30.0,yolo,0.9819137594931437,10.770329614269007,13.333333333333334
1790608874.5843859,30.0,classical,0.9819137594931437,11.180339887498949,13.333333333333334
1790608878.4580672,30.0,yolo,1.0,6.0,20.0
1790608878.5332766,30.0,yolo,1.0,5.0,20.0
1790608878.6052196,30.0,yolo,1.0,5.0,20.0
1790608878.6889536,30.0,yolo,1.0,5.0,20.0
1790608878.805949,30.0,yolo,1.0,4.123105625617661,20.0
1790608878.9175906,30.0,yolo,1.0,5.0990195135927845,20.0
1790608879.0297384,30.0,yolo,1.0,6.082762530298219,20.0
1790608879.1187332,30.0,yolo,1.0,6.324555320336759,20.0
1790608879.2007987,30.0,yolo,1.0,5.0990195135927845,20.0
1790608879.283562,30.0,yolo,1.0,5.385164807134504,20.0
1790608879.3642678,30.0,yolo,1.0,5.385164807134504,20.0
1790608879.442541,30.0,yolo,1.0,4.47213595499958,20.0
1790608879.5252244,30.0,yolo,1.0,4.47213595499958,20.0
1790608879.6050599,30.0,yolo,1.0,5.385164807134504,20.0
1790608879.6857696,30.0,yolo,1.0,5.0,20.0
1790608879.7637491,30.0,yolo,1.0,4.47213595499958,20.0
1790608879.8426023,30.0,yolo,1.0,5.0,20.0
1790608879.9244406,30.0,yolo,1.0,4.47213595499958,20.0
1790608880.0078251,30.0,yolo,1.0,5.656854249492381,20.0
1790608880.0889409,30.0,yolo,1.0,5.0,20.0
1790608880.1688397,30.0,yolo,1.0,5.0,20.0
1790608880.2487419,30.0,yolo,1.0,4.242640687119285,20.0
1790608880.32811,30.0,yolo,1.0,5.0,20.0
1790608880.407981,30.0,yolo,1.0,4.242640687119285,20.0
1790608880.490392,30.0,yolo,1.0,5.0,20.0
1790608880.5689132,30.0,yolo,1.0,5.0,20.0
1790608880.6486168,30.0,yolo,1.0,5.0,20.0
1790608880.72862,30.0,yolo,1.0,4.47213595499958,20.0
1790608880.8076613,30.0,yolo,1.0,5.0,20.0
1790608880.8860846,30.0,yolo,1.0,4.47213595499958,20.0
1790608880.9634972,30.0,yolo,1.0,5.0,20.0
1790608881.0412586,30.0,yolo,1.0,4.47213595499958,20.0
1790608881.1219532,30.0,yolo,1.0,5.0,20.0
1790608881.2027488,30.0,yolo,1.0,4.47213595499958,20.0
1790608881.2813025,30.0,yolo,1.0,5.385164807134504,20.0
1790608881.3614137,30.0,yolo,1.0,4.47213595499958,20.0
1790608881.4413586,30.0,yolo,1.0,5.0990195135927845,20.0
1790608881.5247686,30.0,yolo,1.0,4.123105625617661,20.0
1790608881.606581,30.0,yolo,1.0,5.385164807134504,20.0
1790608881.6889865,30.0,yolo,1.0,4.123105625617661,20.0
1790608881.7730541,30.0,yolo,1.0,5.385164807134504,20.0
1790608881.85711,30.0,yolo,1.0,6.082762530298219,20.0
1790608881.9409802,30.0,yolo,1.0,5.0990195135927845,20.0
1790608882.023925,30.0,yolo,1.0,5.0990195135927845,20.0
1790608882.1067362,30.0,yolo,1.0,5.0,20.0
1790608882.1927767,30.0,yolo,1.0,5.0990195135927845,20.0
1790608882.2919195,30.0,yolo,1.0,5.0,20.0
1790608882.3863492,30.0,yolo,1.0,5.0,20.0
1790608882.4681022,30.0,yolo,1.0,6.0,20.0
1790608882.552929,30.0,yolo,1.0,5.0,20.0
1790608882.6393876,30.0,yolo,1.0,5.0990195135927845,20.0
1790608882.7260652,30.0,yolo,1.0,5.0990195135927845,20.0
1790608882.812545,30.0,yolo,1.0,6.0,20.0
1790608882.9024708,30.0,yolo,1.0,5.0990195135927845,20.0
1790608882.9897628,30.0,yolo,1.0,5.385164807134504,20.0
1790608883.0748637,30.0,yolo,1.0,5.0990195135927845,20.0
1790608883.161528,30.0,yolo,1.0,5.385164807134504,20.0
1790608883.2467103,30.0,yolo,1.0,5.385164807134504,20.0
1790608883.3312402,30.0,yolo,1.0,5.385164807134504,20.0
1790608883.4116158,30.0,yolo,1.0,4.47213595499958,20.0
1790608883.4992354,30.0,yolo,1.0,5.830951894845301,20.0
1790608883.5822527,30.0,yolo,1.0,5.385164807134504,20.0
1790608883.6676831,30.0,yolo,1.0,4.47213595499958,20.0
1790608883.7526896,30.0,yolo,1.0,5.0,20.0
1790608883.8356805,30.0,yolo,1.0,4.47213595499958,20.0
1790608883.9159935,30.0,yolo,1.0,5.0,20.0
1790608883.9967318,30.0,yolo,1.0,5.0,20.0
1790608884.077629,30.0,yolo,1.0,5.656854249492381,20.0
1790608884.4606166,30.0,yolo,1.0,5.0,20.0
1790608884.5470595,30.0,yolo,1.0,5.656854249492381,20.0
1790608884.6302323,30.0,yolo,1.0,5.656854249492381,20.0
1790608884.7161853,30.0,yolo,1.0,5.0,20.0
1790608884.802597,30.0,yolo,1.0,5.656854249492381,20.0
1790608884.8895764,30.0,yolo,1.0,5.0,20.0
1790608884.9708512,30.0,yolo,1.0,5.0,20.0
1790608885.0566087,30.0,yolo,1.0,5.0,20.0
1790608885.1448936,30.0,yolo,1.0,5.385164807134504,20.0
1790608885.2325258,30.0,yolo,1.0,5.0,20.0
